,dec,parallax,parallax_error,phot_bp_mean_mag,phot_g_mean_mag,phot_rp_mean_mag,pmdec,pmdec_error,pmra,pmra_error,ra,radial_velocity
415,-4.51851912146077,-0.5582758041143208,0.8826036625145647,19.975650468027503,19.67588785187222,19.247522877944128,-6.868064949205537,1.0191160541888395,-0.21671875177638955,1.329199603144256,161.6257884133939,
329,-7.162618379811781,0.6175018837086167,0.9237578307629536,19.995625117704748,19.742075009616087,19.34493583050964,-6.555538897552452,1.0729311592194923,-2.0922323756736736,1.3740698303015433,161.7210348831091,
438,-10.210781713101527,-0.1763368037283718,0.2308826365283692,18.27775294287116,17.883668433205074,17.321683142549514,-6.019955500317223,0.2691610788924337,-1.8342388886668648,0.3398600489579885,161.8238004289317,
49,-17.87159737851603,-0.7844124033387933,1.0397805580322974,20.093339350281084,19.903219484845703,19.506697702955783,-6.864069721165191,1.190848152196676,-1.8533175134124635,1.4517006045826144,162.91206839356028,
114,-11.053166413797008,0.02619206120791551,0.9515542690748792,20.01104291042705,19.79888841653028,19.40891536981223,-7.5001213109101394,1.109314141331825,0.4231828818240413,1.4006912141019106,161.55930097235301,
263,-8.053983485890384,-0.6764159188988342,0.3600496687618692,18.886042103323923,18.51839295923819,17.979275420713407,-6.2884145357823575,0.4181924045636564,-1.1804710488369667,0.5355661091902588,162.10484189606706,
196,-19.25594878329898,1.3435462859628644,1.0603070909917311,20.194981495980876,19.97319573957536,19.57407766166059,-4.979187195481457,1.2433018029616152,-1.33454899981062,1.4823054505212268,162.43063216834645,
224,-5.064655319909278,0.7788749455948694,0.6847357001294656,19.590028171641848,19.371424767658684,18.92635742916827,-6.304612741857923,0.7953104634491632,-0.7188302743837605,1.0185295712202107,162.21161895295074,
185,-8.410580088234527,-0.007869637828278209,0.5183369684141275,19.361461861959828,19.02971634108677,18.548739467562907,-6.30878073845162,0.6042729749884731,-0.23262688240089946,0.7629938314582408,162.4567233205131,
